date,price
2012-01-03,665.411118
2012-01-04,668.281154
2012-01-05,659.011109
2012-01-06,650.021102
2012-01-09,622.461047
2012-01-10,623.141078
2012-01-11,625.961061
2012-01-12,629.641069
2012-01-13,624.991068
2012-01-17,628.581079
2012-01-18,632.911098
2012-01-19,639.571112
2012-01-20,585.990995
2012-01-23,585.520977
2012-01-24,580.931014
2012-01-25,569.490997
2012-01-26,568.100977
2012-01-27,579.980993
2012-01-30,577.691005
2012-01-31,580.110995
2012-02-01,580.83097
2012-02-02,585.110998
2012-02-03,596.331016
2012-02-06,609.091029
2012-02-07,606.771021
2012-02-08,609.85107
2012-02-09,611.461028
2012-02-10,605.911058
2012-02-13,612.201036
2012-02-14,609.761073
2012-02-15,605.561056
2012-02-16,606.521064
2012-02-17,604.641054
2012-02-21,614.001035
2012-02-22,607.941041
2012-02-23,606.111023
2012-02-24,609.901062
2012-02-27,609.311028
2012-02-28,618.391032
2012-02-29,618.251043
2012-03-01,622.401069
2012-03-02,621.251082
2012-03-05,614.251053
2012-03-06,604.961036
2012-03-07,606.80104
2012-03-08,607.141056
2012-03-09,600.251057
2012-03-12,605.151016
2012-03-13,617.781087
2012-03-14,615.991074
2012-03-15,621.131066
2012-03-16,625.041059
2012-03-19,633.981075
2012-03-20,633.491085
2012-03-21,639.981091
2012-03-22,646.051131
2012-03-23,642.591122
2012-03-26,649.331085
2012-03-27,647.021125
2012-03-28,655.761114
2012-03-29,648.411083
2012-03-30,641.241108
2012-04-02,646.921081
2012-04-03,642.621081
2012-04-04,635.151095
2012-04-05,632.321064
2012-04-09,630.841109
2012-04-10,626.861091
2012-04-11,635.961067
2012-04-12,651.011129
2012-04-13,624.601061
2012-04-16,606.071018
2012-04-17,609.571032
2012-04-18,607.451052
2012-04-19,599.301036
2012-04-20,596.061026
2012-04-23,597.60102
2012-04-24,601.271042
2012-04-25,609.721068
2012-04-26,615.471065
2012-04-27,614.981076
2012-04-30,604.851067
2012-05-01,604.431041
2012-05-02,607.261072
2012-05-03,611.021029
2012-05-04,596.971042
2012-05-07,607.551034
2012-05-08,612.79107
2012-05-09,609.151067
2012-05-10,613.661081
2012-05-11,605.231027
2012-05-14,604.001029
2012-05-15,611.111026
2012-05-16,628.93108
2012-05-17,623.051081
2012-05-18,600.401031
2012-05-21,614.111065
2012-05-22,600.801024
2012-05-23,609.461063
2012-05-24,603.661013
2012-05-25,591.53104
2012-05-29,594.341038
2012-05-30,588.230992
2012-05-31,580.86099
2012-06-01,570.981
2012-06-04,578.590973
2012-06-05,570.410999
2012-06-06,580.570966
2012-06-07,578.230986
2012-06-08,580.451011
2012-06-11,568.50097
2012-06-12,565.100939
2012-06-13,561.090963
2012-06-14,559.050931
2012-06-15,564.510966
2012-06-18,570.850997
2012-06-19,581.530973
2012-06-20,577.511011
2012-06-21,565.210969
2012-06-22,571.480976
2012-06-25,560.700956
2012-06-26,564.680974
2012-06-27,569.300956
2012-06-28,564.310939
2012-06-29,580.07099
2012-07-02,580.470983
2012-07-03,587.830999
2012-07-05,595.921037
2012-07-06,585.981009
2012-07-09,586.011028
2012-07-10,581.700981
2012-07-11,571.190952
2012-07-12,570.480963
2012-07-13,576.520984
2012-07-16,574.921012
2012-07-17,576.730997
2012-07-18,580.761007
2012-07-19,593.060987
2012-07-20,610.821064
2012-07-23,615.511071
2012-07-24,607.571068
2012-07-25,607.991033
2012-07-26,613.361071
2012-07-27,634.961116
2012-07-30,632.301092
2012-07-31,632.971076
2012-08-01,632.681113
2012-08-02,628.751087
2012-08-03,641.331105
2012-08-06,642.821108
2012-08-07,640.541105
2012-08-08,642.231074
2012-08-09,642.35109
2012-08-10,642.001088
2012-08-13,660.011122
2012-08-14,668.661175
2012-08-15,667.541146
2012-08-16,672.871179
2012-08-17,677.141159
2012-08-20,675.541188
2012-08-21,669.511153
2012-08-22,677.181165
2012-08-23,676.801144
2012-08-24,678.631162
2012-08-27,669.221129
2012-08-28,677.25119
2012-08-29,688.011176
2012-08-30,681.681192
2012-08-31,685.091148
2012-09-04,681.041167
2012-09-05,680.721185
2012-09-06,699.401202
2012-09-07,706.151212
2012-09-10,700.771188
2012-09-11,692.19116
2012-09-12,690.881212
2012-09-13,706.041182
2012-09-14,709.681246
2012-09-17,709.981194
2012-09-18,718.281246
2012-09-19,727.501238
2012-09-20,728.121231
2012-09-21,733.991244
2012-09-24,749.38126
2012-09-25,749.161261
2012-09-26,753.461322
2012-09-27,756.501305
2012-09-28,754.501279
2012-10-01,761.781285
2012-10-02,756.991295
2012-10-03,762.501321
2012-10-04,768.051291
2012-10-05,767.651298
2012-10-08,757.841272
2012-10-09,744.091294
2012-10-10,744.561251
2012-10-11,751.481269
2012-10-12,744.751292
2012-10-15,740.981287
2012-10-16,744.7013
2012-10-17,755.491306
2012-10-18,695.001219
2012-10-19,681.791161
2012-10-22,678.671167
2012-10-23,680.35115
2012-10-24,677.301181
2012-10-25,677.761151
2012-10-26,675.151181
2012-10-31,680.301158
2012-11-01,687.59115
2012-11-02,687.921179
2012-11-05,682.961182
2012-11-06,681.721197
2012-11-07,667.12112
2012-11-08,652.291119
2012-11-09,663.031133
2012-11-12,665.901169
2012-11-13,659.051115
2012-11-14,652.551123
2012-11-15,647.261096
2012-11-16,647.181085
2012-11-19,668.21113
2012-11-20,669.971123
2012-11-21,665.87115
2012-11-23,667.971158
2012-11-26,661.151123
2012-11-27,670.711131
2012-11-28,683.67117
2012-11-29,691.891211
2012-11-30,698.37117
2012-12-03,695.251176
2012-12-04,691.031187
2012-12-05,687.821196
2012-12-06,691.13117
2012-12-07,684.211152
2012-12-10,685.421178
2012-12-11,696.881167
2012-12-12,697.561198
2012-12-13,702.701189
2012-12-14,701.961181
2012-12-17,720.781248
2012-12-18,721.07121
2012-12-19,720.111264
2012-12-20,722.361247
2012-12-21,715.631209
2012-12-24,709.501191
2012-12-26,708.871213
2012-12-27,706.2912
2012-12-28,700.011208
2012-12-31,707.38121
2013-01-02,723.25123
2013-01-03,723.671256
2013-01-04,737.971262
2013-01-07,734.751286
2013-01-08,733.301227
2013-01-09,738.121237
2013-01-10,741.481263
2013-01-11,739.99126
2013-01-14,723.25123
2013-01-15,724.931273
2013-01-16,715.191211
2013-01-17,711.321223
2013-01-18,704.511235
2013-01-22,702.871197
2013-01-23,741.501296
2013-01-24,754.211317
2013-01-25,753.671274
2013-01-28,750.731274
2013-01-29,753.681322
2013-01-30,753.831296
2013-01-31,755.691272
2013-02-01,775.601349
2013-02-04,759.021279
2013-02-05,765.741331
2013-02-06,770.171333
2013-02-07,773.951324
2013-02-08,785.371369
2013-02-11,782.421322
2013-02-12,780.701335
2013-02-13,782.861321
2013-02-14,787.82138
2013-02-15,792.891346
2013-02-19,806.851398
2013-02-20,792.461334
2013-02-21,795.531336
2013-02-22,799.711381
2013-02-25,790.771365
2013-02-26,790.13134
2013-02-27,799.781345
2013-02-28,801.201384
2013-03-01,806.191401
2013-03-04,821.501406
2013-03-05,838.601424
2013-03-06,831.381396
2013-03-07,832.601408
2013-03-08,831.521445
2013-03-11,834.821433
2013-03-12,827.611391
2013-03-13,825.311416
2013-03-14,821.541411
2013-03-15,814.301411
2013-03-18,807.791372
2013-03-19,811.321406
2013-03-20,814.71139
2013-03-21,811.261367
2013-03-22,810.311407
2013-03-25,809.641362
2013-03-26,812.421402
2013-03-27,802.661367
2013-03-28,794.191369
2013-04-01,801.191398
2013-04-02,813.041394
2013-04-03,806.201387
2013-04-04,795.071366
2013-04-05,783.051362
2013-04-08,774.851354
2013-04-09,777.651304
2013-04-10,790.181331
2013-04-11,790.391345
2013-04-12,790.051329
2013-04-15,781.931333
2013-04-16,793.37135
2013-04-17,782.561372
2013-04-18,765.911339
2013-04-19,799.871342
2013-04-22,800.111374
2013-04-23,807.901403
2013-04-24,813.451373
2013-04-25,809.101381
2013-04-26,801.421383
2013-04-29,819.061382
2013-04-30,824.571408
2013-05-01,820.431429
2013-05-02,829.611416
2013-05-03,845.721469
2013-05-06,861.551483
2013-05-07,857.231449
2013-05-08,873.631526
2013-05-09,871.481464
2013-05-10,880.2315
2013-05-13,877.531533
2013-05-14,887.101527
2013-05-15,915.89158
2013-05-16,903.871576
2013-05-17,909.181575
2013-05-20,908.531564
2013-05-21,906.971536
2013-05-22,889.421534
2013-05-23,882.79154
2013-05-24,873.321468
2013-05-28,881.271518
2013-05-29,868.311479
2013-05-30,870.761489
2013-05-31,871.221521
2013-06-03,867.63151
2013-06-04,859.101473
2013-06-05,859.701493
2013-06-06,864.641457
2013-06-07,879.731524
2013-06-10,890.22152
2013-06-11,879.811535
2013-06-12,871.981501
2013-06-13,877.001476
2013-06-14,875.041517
2013-06-17,886.251549
2013-06-18,900.621519
2013-06-19,900.681558
2013-06-20,884.741513
2013-06-21,880.931503
2013-06-24,869.791496
2013-06-25,866.201484
2013-06-26,873.651498
2013-06-27,877.071501
2013-06-28,880.371488
2013-07-01,887.88154
2013-07-02,882.311537
2013-07-03,886.431543
2013-07-05,893.491549
2013-07-08,905.091527
2013-07-09,905.241563
2013-07-10,905.991557
2013-07-11,920.241572
2013-07-12,923.001578
2013-07-15,924.691608
2013-07-16,919.611594
2013-07-17,918.551603
2013-07-18,910.681564
2013-07-19,896.601557
2013-07-22,910.701536
2013-07-23,903.801551
2013-07-24,902.901521
2013-07-25,887.701547
2013-07-26,885.351519
2013-07-29,882.271531
2013-07-30,890.921523
2013-07-31,887.751538
2013-08-01,904.221578
2013-08-02,906.571544
2013-08-05,905.00153
2013-08-06,896.571537
2013-08-07,890.651532
2013-08-08,892.661544
2013-08-09,890.4115
2013-08-12,885.511541
2013-08-13,881.251485
2013-08-14,869.811468
2013-08-15,859.661487
2013-08-16,856.911467
2013-08-19,865.651456
2013-08-20,865.421471
2013-08-21,869.331464
2013-08-22,873.711475
2013-08-23,870.211522
2013-08-26,866.391464
2013-08-27,850.151471
2013-08-28,848.551438
2013-08-29,855.431451
2013-08-30,846.901475
2013-09-03,860.381462
2013-09-04,871.6315
2013-09-05,879.561517
2013-09-06,879.581489
2013-09-09,888.051548
2013-09-10,888.67154
2013-09-11,896.191517
2013-09-12,893.061537
2013-09-13,889.071533
2013-09-16,887.761524
2013-09-17,886.1115
2013-09-18,903.321548
2013-09-19,898.391569
2013-09-20,903.111535
2013-09-23,886.501507
2013-09-24,886.841522
2013-09-25,877.231523
2013-09-26,878.171497
2013-09-27,876.391532
2013-09-30,875.911528
2013-10-01,887.001544
2013-10-02,887.991509
2013-10-03,876.091522
2013-10-04,872.351475
2013-10-07,865.741514
2013-10-08,853.671458
2013-10-09,855.861463
2013-10-10,868.241516
2013-10-11,871.991487
2013-10-14,876.111494
2013-10-15,882.011527
2013-10-16,898.031521
2013-10-17,888.791495
2013-10-18,1011.411708
2013-10-21,1003.301698
2013-10-22,1007.001739
2013-10-23,1031.411782
2013-10-24,1025.551754
2013-10-25,1015.201747
2013-10-28,1015.001719
2013-10-29,1036.241716
2013-10-30,1030.421755
2013-10-31,1030.581776
2013-11-01,1027.041757
2013-11-04,1026.111769
2013-11-05,1021.521745
2013-11-06,1022.751743
2013-11-07,1007.951699
2013-11-08,1016.031752
2013-11-11,1010.59175
2013-11-12,1011.781743
2013-11-13,1032.471772
2013-11-14,1035.231717
2013-11-15,1033.561782
2013-11-18,1031.551709
2013-11-19,1025.201753
2013-11-20,1022.311744
2013-11-21,1034.071744
2013-11-22,1031.891724
2013-11-25,1045.931848
2013-11-26,1058.411823
2013-11-27,1063.111877
2013-11-29,1059.591768
2013-12-02,1054.481857
2013-12-03,1053.261845
2013-12-04,1058.181837
2013-12-05,1057.341785
2013-12-06,1069.871873
2013-12-09,1078.141905
2013-12-10,1084.661869
2013-12-11,1077.291806
2013-12-12,1069.961809
2013-12-13,1060.791808
2013-12-16,1072.981881
2013-12-17,1069.861826
2013-12-18,1084.751805
2013-12-19,1086.221897
2013-12-20,1100.621886
2013-12-23,1115.101886
2013-12-24,1111.841904
2013-12-26,1117.461899
2013-12-27,1118.401934
2013-12-30,1109.461919
2013-12-31,1120.711956
2014-01-02,1113.121955
2014-01-03,1105.001897
2014-01-06,1117.321972
2014-01-07,1138.861917
2014-01-08,1141.231977
2014-01-09,1130.241944
2014-01-10,1130.181906
2014-01-13,1122.981911
2014-01-14,1149.402027
2014-01-15,1148.622013
2014-01-16,1156.221939
2014-01-17,1150.53198
2014-01-21,1163.702033
2014-01-22,1165.022028
2014-01-23,1160.102036
2014-01-24,1123.831888
2014-01-27,1101.23183
2014-01-28,1123.01193
2014-01-29,1106.921912
2014-01-30,1135.391922
2014-01-31,1180.971997
2014-02-03,1133.431963
2014-02-04,1138.161914
2014-02-05,1143.201984
2014-02-06,1159.961986
2014-02-07,1177.441963
2014-02-10,1172.93195
2014-02-11,1190.182065
2014-02-12,1186.691975
2014-02-13,1199.902094
2014-02-14,1202.802088
2014-02-18,1210.88208
2014-02-19,1202.342118
2014-02-20,1204.112036
2014-02-21,1203.792115
2014-02-24,1212.512071
2014-02-25,1220.002089
2014-02-26,1220.172036
2014-02-27,1219.212151
2014-02-28,1215.652097
2014-03-03,1202.692058
2014-03-04,1214.912028
2014-03-05,1218.262068
2014-03-06,1219.612082
2014-03-07,1214.792073
2014-03-10,1211.572035
2014-03-11,1199.99203
2014-03-12,1207.302054
2014-03-13,1189.062036
2014-03-14,1172.80207
2014-03-17,1192.102079
2014-03-18,1211.262039
2014-03-19,1199.252083
2014-03-20,1197.161999
2014-03-21,1183.041986
2014-03-24,1157.931941
2014-03-25,1158.722002
2014-03-26,1131.971918
2014-03-27,558.462551
2014-03-28,559.992565
2014-03-31,556.972503
2014-04-01,567.162558
2014-04-02,567.002574
2014-04-03,569.742571
2014-04-04,543.14246
2014-04-07,538.152456
2014-04-08,554.902495
2014-04-09,564.142557
2014-04-10,540.952433
2014-04-11,530.602392
2014-04-14,532.522392
2014-04-15,536.442444
2014-04-16,556.54249
2014-04-17,536.1024
2014-04-21,528.622414
2014-04-22,534.812425
2014-04-23,526.942391
2014-04-24,525.162363
2014-04-25,516.182352
2014-04-28,517.152359
2014-04-29,527.70241
2014-04-30,526.662388
2014-05-01,531.352435
2014-05-02,527.932411
2014-05-05,527.812392
2014-05-06,515.14233
2014-05-07,509.962321
2014-05-08,511.002313
2014-05-09,518.732375
2014-05-12,529.922427
2014-05-13,533.092437
2014-05-14,526.652412
2014-05-15,519.982324
2014-05-16,520.632362
2014-05-19,528.862391
2014-05-20,529.772418
2014-05-21,538.942465
2014-05-22,545.062459
2014-05-23,552.702492
2014-05-27,565.952575
2014-05-28,561.682564
2014-05-29,560.082534
2014-05-30,559.892559
2014-06-02,553.932488
2014-06-03,544.94244
2014-06-04,544.662436
2014-06-05,553.902499
2014-06-06,556.332503
2014-06-09,562.122552
2014-06-10,560.552511
2014-06-11,558.842499
2014-06-12,551.352476
2014-06-13,551.762475
2014-06-16,544.282488
2014-06-17,543.012465
2014-06-18,553.372481
2014-06-19,554.902495
2014-06-20,556.362492
2014-06-23,564.952579
2014-06-24,564.622572
2014-06-25,578.652627
2014-06-26,576.002598
2014-06-27,577.242632
2014-06-30,575.282606
2014-07-01,582.672624
2014-07-02,582.33766
2014-07-03,584.732656
2014-07-07,582.252649
2014-07-08,571.092587
2014-07-09,576.08259
2014-07-10,571.102563
2014-07-11,579.182645
2014-07-14,584.872627
2014-07-15,584.782659
2014-07-16,582.662648
2014-07-17,573.732579
2014-07-18,595.082696
2014-07-21,589.472645
2014-07-22,594.742713
2014-07-23,595.982686
2014-07-24,593.352671
2014-07-25,589.022681
2014-07-28,590.602697
2014-07-29,585.612633
2014-07-30,587.42265
2014-07-31,571.602592
2014-08-01,566.072533
2014-08-04,573.152619
2014-08-05,565.072537
2014-08-06,566.376589
2014-08-07,563.362525
2014-08-08,568.772565
2014-08-11,567.882551
2014-08-12,562.732562
2014-08-13,574.782577
2014-08-14,574.652582
2014-08-15,573.482626
2014-08-18,582.162619
2014-08-19,586.862643
2014-08-20,584.492618
2014-08-21,583.372664
2014-08-22,582.562642
2014-08-25,580.202654
2014-08-26,577.862619
2014-08-27,571.002557
2014-08-28,569.202577
2014-08-29,571.602592
2014-09-02,577.332601
2014-09-03,577.942611
2014-09-04,581.982621
2014-09-05,586.082672
2014-09-08,589.722659
2014-09-09,581.012615
2014-09-10,583.102636
2014-09-11,581.352659
2014-09-12,575.622589
2014-09-15,573.102616
2014-09-16,579.95264
2014-09-17,584.772622
2014-09-18,589.272695
2014-09-19,596.082692
2014-09-22,587.372648
2014-09-23,581.132634
2014-09-24,587.992634
2014-09-25,575.062581
2014-09-26,577.1026
2014-09-29,576.362594
2014-09-30,577.36259
2014-10-01,568.272597
2014-10-02,570.082554
2014-10-03,575.282606
2014-10-06,577.352614
2014-10-07,563.742534
2014-10-08,572.502582
2014-10-09,560.882518
2014-10-10,544.492476
2014-10-13,533.212394
2014-10-14,537.942408
2014-10-15,530.032409
2014-10-16,524.512387
2014-10-17,511.172305
2014-10-20,520.842349
2014-10-21,526.542369
2014-10-22,532.712427
2014-10-23,543.982471
2014-10-24,539.782415
2014-10-27,540.772435
2014-10-28,548.902458
2014-10-29,549.33247
2014-10-30,550.312514
2014-10-31,559.082538
2014-11-03,555.222525
2014-11-04,554.112486
2014-11-05,545.922484
2014-11-06,542.042458
2014-11-07,541.012473
2014-11-10,547.492463
2014-11-11,550.292501
2014-11-12,547.312465
2014-11-13,545.38249
2014-11-14,544.402446
2014-11-17,536.512399
2014-11-18,535.032449
2014-11-19,536.992415
2014-11-20,534.832438
2014-11-21,537.502419
2014-11-24,539.272471
2014-11-25,541.082428
2014-11-26,540.372473
2014-11-28,541.832471
2014-12-01,533.802391
2014-12-02,533.752389
2014-12-03,531.322384
2014-12-04,537.312445
2014-12-05,525.262369
2014-12-08,526.982357
2014-12-09,533.37244
2014-12-10,526.062353
2014-12-11,528.34241
2014-12-12,518.662359
2014-12-15,513.802351
2014-12-16,495.392242
2014-12-17,504.892295
2014-12-18,511.102319
2014-12-19,516.352313
2014-12-22,524.872383
2014-12-23,530.592416
2014-12-24,528.772422
2014-12-26,534.032392
2014-12-29,530.332426
2014-12-30,530.422394
2014-12-31,526.402397
2015-01-02,524.812404
2015-01-05,513.872306
2015-01-06,501.962262
2015-01-07,501.102268
2015-01-08,502.682285
2015-01-09,496.172244
2015-01-12,492.552239
2015-01-13,496.182251
2015-01-14,500.872267
2015-01-15,501.792271
2015-01-16,508.082288
2015-01-20,506.902294
2015-01-21,518.042373
2015-01-22,534.392388
2015-01-23,539.952437
2015-01-26,535.212448
2015-01-27,518.63237
2015-01-28,510.002318
2015-01-29,510.6623
2015-01-30,534.522445
2015-02-02,528.482381
2015-02-03,529.2424
2015-02-04,522.762349
2015-02-05,527.582391
2015-02-06,531.002415
2015-02-09,527.832406
2015-02-10,536.942412
2015-02-11,535.972405
2015-02-12,542.932472
2015-02-13,549.012501
2015-02-17,542.842443
2015-02-18,539.702422
2015-02-19,542.872432
2015-02-20,538.952441
2015-02-23,531.912381
2015-02-24,536.092424
2015-02-25,543.872489
2015-02-26,555.482516
2015-02-27,558.402511
2015-03-02,571.342601
2015-03-03,573.64261
2015-03-04,573.372583
2015-03-05,575.332609
2015-03-06,567.687558
2015-03-09,568.852557
2015-03-10,555.012538
2015-03-11,551.182515
2015-03-12,555.512505
2015-03-13,547.322503
2015-03-16,554.512509
2015-03-17,550.842471
2015-03-18,559.502513
2015-03-19,557.992512
2015-03-20,560.362537
2015-03-23,558.81251
2015-03-24,570.192597
2015-03-25,558.787539
2015-03-26,555.172522
2015-03-27,548.342512
2015-03-30,552.032502
2015-03-31,548.002468
2015-04-01,542.562439
2015-04-02,535.532417
2015-04-06,536.767432
2015-04-07,537.022404
2015-04-08,541.612446
2015-04-09,540.782472
2015-04-10,540.012416
2015-04-13,539.172466
2015-04-14,530.392405
2015-04-15,532.532429
2015-04-16,533.802391
2015-04-17,524.052386
2015-04-20,535.382408
2015-04-21,533.972413
2015-04-22,539.367458
2015-04-23,547.002472
2015-04-24,565.062561
2015-04-27,555.369995
2015-04-28,553.679993
2015-04-29,549.080017
2015-04-30,537.340027
2015-05-01,537.900024
2015-05-04,540.780029
2015-05-05,530.799988
2015-05-06,524.219971
2015-05-07,530.700012
2015-05-08,538.219971
2015-05-11,535.700012
2015-05-12,529.039978
2015-05-13,529.619995
2015-05-14,538.400024
2015-05-15,533.849976
2015-05-18,532.299988
2015-05-19,537.359985
2015-05-20,539.27002
2015-05-21,542.51001
2015-05-22,540.109985
2015-05-26,532.320007
2015-05-27,539.789978
2015-05-28,539.780029
2015-05-29,532.109985
2015-06-01,533.98999
2015-06-02,539.179993
2015-06-03,540.309998
2015-06-04,536.700012
2015-06-05,533.330017
2015-06-08,526.830017
2015-06-09,526.690002
2015-06-10,536.690002
2015-06-11,534.609985
2015-06-12,532.330017
2015-06-15,527.200012
2015-06-16,528.150024
2015-06-17,529.26001
2015-06-18,536.72998
2015-06-19,536.690002
2015-06-22,538.190002
2015-06-23,540.47998
2015-06-24,537.840027
2015-06-25,535.22998
2015-06-26,531.690002
2015-06-29,521.52002
2015-06-30,520.51001
2015-07-01,521.840027
2015-07-02,523.400024
2015-07-06,522.859985
2015-07-07,525.02002
2015-07-08,516.830017
2015-07-09,520.679993
2015-07-10,530.130005
2015-07-13,546.549988
2015-07-14,561.099976
2015-07-15,560.219971
2015-07-16,579.849976
2015-07-17,672.929993
2015-07-20,663.02002
2015-07-21,662.299988
2015-07-22,662.099976
2015-07-23,644.280029
2015-07-24,623.559998
2015-07-27,627.26001
2015-07-28,628.00
2015-07-29,631.929993
2015-07-30,632.590027
2015-07-31,625.609985
2015-08-03,631.210022
2015-08-04,629.25
2015-08-05,643.780029
2015-08-06,642.679993
2015-08-07,635.299988
2015-08-10,633.72998
2015-08-11,660.780029
2015-08-12,659.559998
2015-08-13,656.450012
2015-08-14,657.119995
2015-08-17,660.869995
2015-08-18,656.130005
2015-08-19,660.900024
2015-08-20,646.830017
2015-08-21,612.47998
2015-08-24,589.609985
2015-08-25,582.059998
2015-08-26,628.619995
2015-08-27,637.609985
2015-08-28,630.380005
2015-08-31,618.25
2015-09-01,597.789978
2015-09-02,614.340027
2015-09-03,606.25
2015-09-04,600.700012
2015-09-08,614.659973
2015-09-09,612.719971
2015-09-10,621.349976
2015-09-11,625.77002
2015-09-14,623.23999
2015-09-15,635.140015
2015-09-16,635.97998
2015-09-17,642.900024
2015-09-18,629.25
2015-09-21,635.440002
2015-09-22,622.690002
2015-09-23,622.359985
2015-09-24,625.799988
2015-09-25,611.969971
2015-09-28,594.890015
2015-09-29,594.969971
2015-09-30,608.419983
2015-10-01,611.289978
2015-10-02,626.909973
2015-10-05,641.469971
2015-10-06,645.440002
2015-10-07,642.359985
2015-10-08,639.159973
2015-10-09,643.609985
2015-10-12,646.669983
2015-10-13,652.299988
2015-10-14,651.159973
2015-10-15,661.73999
2015-10-16,662.200012
2015-10-19,666.099976
2015-10-20,650.280029
2015-10-21,642.609985
2015-10-22,651.789978
2015-10-23,702.00
2015-10-26,712.780029
2015-10-27,708.48999
2015-10-28,712.950012
2015-10-29,716.919983
2015-10-30,710.809998
2015-11-02,721.109985
2015-11-03,722.159973
2015-11-04,728.109985
2015-11-05,731.25
2015-11-06,733.76001
2015-11-09,724.890015
2015-11-10,728.320007
2015-11-11,735.400024
2015-11-12,731.22998
2015-11-13,717.00
2015-11-16,728.960022
2015-11-17,725.299988
2015-11-18,740.00
2015-11-19,738.409973
2015-11-20,756.599976
2015-11-23,755.97998
2015-11-24,748.280029
2015-11-25,748.150024
2015-11-27,750.26001
2015-11-30,742.599976
2015-12-01,767.039978
2015-12-02,762.380005
2015-12-03,752.539978
2015-12-04,766.809998
2015-12-07,763.25
2015-12-08,762.369995
2015-12-09,751.609985
2015-12-10,749.460022
2015-12-11,738.869995
2015-12-14,747.77002
2015-12-15,743.400024
2015-12-16,758.090027
2015-12-17,749.429993
2015-12-18,739.309998
2015-12-21,747.77002
2015-12-22,750.00
2015-12-23,750.309998
2015-12-24,748.400024
2015-12-28,762.51001
2015-12-29,776.599976
2015-12-30,771.00
2015-12-31,758.880005
2016-01-04,741.840027
2016-01-05,742.580017
2016-01-06,743.619995
2016-01-07,726.390015
2016-01-08,714.469971
2016-01-11,716.030029
2016-01-12,726.070007
2016-01-13,700.559998
2016-01-14,714.719971
2016-01-15,694.450012
2016-01-19,701.789978
2016-01-20,698.450012
2016-01-21,706.590027
2016-01-22,725.25
2016-01-25,711.669983
2016-01-26,713.039978
2016-01-27,699.98999
2016-01-28,730.960022
2016-01-29,742.950012
2016-02-01,752.00
2016-02-02,764.650024
2016-02-03,726.950012
2016-02-04,708.01001
2016-02-05,683.570007
2016-02-08,682.73999
2016-02-09,678.109985
2016-02-10,684.119995
2016-02-11,683.109985
2016-02-12,682.400024
2016-02-16,691.00
2016-02-17,708.400024
2016-02-18,697.349976
2016-02-19,700.909973
2016-02-22,706.460022
2016-02-23,695.849976
2016-02-24,699.559998
2016-02-25,705.75
2016-02-26,705.070007
2016-02-29,697.77002
2016-03-01,718.809998
2016-03-02,718.849976
2016-03-03,712.419983
2016-03-04,710.890015
2016-03-07,695.159973
2016-03-08,693.969971
2016-03-09,705.23999
2016-03-10,712.820007
2016-03-11,726.820007
2016-03-14,730.48999
2016-03-15,728.330017
2016-03-16,736.090027
2016-03-17,737.780029
2016-03-18,737.599976
2016-03-21,742.090027
2016-03-22,740.75
2016-03-23,738.059998
2016-03-24,735.299988
2016-03-28,733.530029
2016-03-29,744.77002
2016-03-30,750.530029
2016-03-31,744.950012
2016-04-01,749.909973
2016-04-04,745.289978
2016-04-05,737.799988
2016-04-06,745.690002
2016-04-07,740.280029
2016-04-08,739.150024
2016-04-11,736.099976
2016-04-12,743.090027
2016-04-13,751.719971
2016-04-14,753.200012
2016-04-15,759.00
2016-04-18,766.609985
2016-04-19,753.929993
2016-04-20,752.669983
2016-04-21,759.140015
2016-04-22,718.77002
2016-04-25,723.150024
2016-04-26,708.140015
2016-04-27,705.840027
2016-04-28,691.02002
2016-04-29,693.01001
2016-05-02,698.210022
2016-05-03,692.359985
2016-05-04,695.700012
2016-05-05,701.429993
2016-05-06,711.119995
2016-05-09,712.900024
2016-05-10,723.179993
2016-05-11,715.289978
2016-05-12,713.309998
2016-05-13,710.830017
2016-05-16,716.48999
2016-05-17,706.22998
2016-05-18,706.630005
2016-05-19,700.320007
2016-05-20,709.73999
2016-05-23,704.23999
2016-05-24,720.090027
2016-05-25,725.27002
2016-05-26,724.119995
2016-05-27,732.659973
2016-05-31,735.719971
2016-06-01,734.150024
2016-06-02,730.400024
2016-06-03,722.340027
2016-06-06,716.549988
2016-06-07,716.650024
2016-06-08,728.280029
2016-06-09,728.580017
2016-06-10,719.409973
2016-06-13,718.359985
2016-06-14,718.27002
2016-06-15,718.919983
2016-06-16,710.359985
2016-06-17,691.719971
2016-06-20,693.710022
2016-06-21,695.940002
2016-06-22,697.460022
2016-06-23,701.869995
2016-06-24,675.219971
2016-06-27,668.26001
2016-06-28,680.039978
2016-06-29,684.109985
2016-06-30,692.099976
2016-07-01,699.210022
2016-07-05,694.950012
2016-07-06,697.77002
2016-07-07,695.359985
2016-07-08,705.630005
2016-07-11,715.090027
2016-07-12,720.640015
2016-07-13,716.97998
2016-07-14,720.950012
2016-07-15,719.849976
2016-07-18,733.780029
2016-07-19,736.960022
2016-07-20,741.190002
2016-07-21,738.630005
2016-07-22,742.73999
2016-07-25,739.77002
2016-07-26,738.419983
2016-07-27,741.77002
2016-07-28,745.909973
2016-07-29,768.789978
2016-08-01,772.880005
2016-08-02,771.070007
2016-08-03,773.179993
2016-08-04,771.609985
2016-08-05,782.219971
2016-08-08,781.76001
2016-08-09,784.26001
2016-08-10,784.679993
2016-08-11,784.849976
2016-08-12,783.219971
2016-08-15,782.440002
2016-08-16,777.140015
2016-08-17,779.909973
2016-08-18,777.50
2016-08-19,775.419983
2016-08-22,772.150024
2016-08-23,772.080017
2016-08-24,769.640015
2016-08-25,769.409973
2016-08-26,769.539978
2016-08-29,772.150024
2016-08-30,769.090027
2016-08-31,767.049988
2016-09-01,768.780029
2016-09-02,771.460022
2016-09-06,780.080017
2016-09-07,780.349976
2016-09-08,775.320007
2016-09-09,759.659973
2016-09-12,769.02002
2016-09-13,759.690002
2016-09-14,762.48999
2016-09-15,771.76001
2016-09-16,768.880005
2016-09-19,765.700012
2016-09-20,771.409973
2016-09-21,776.219971
2016-09-22,787.210022
2016-09-23,786.900024
2016-09-26,774.210022
2016-09-27,783.01001
2016-09-28,781.559998
2016-09-29,775.01001
2016-09-30,777.289978
2016-10-03,772.559998
2016-10-04,776.429993
2016-10-05,776.469971
2016-10-06,776.859985
2016-10-07,775.080017
2016-10-10,785.940002
2016-10-11,783.070007
2016-10-12,786.140015
2016-10-13,778.190002
2016-10-14,778.530029
2016-10-17,779.960022
2016-10-18,795.26001
2016-10-19,801.50
2016-10-20,796.969971
2016-10-21,799.369995
2016-10-24,813.109985
2016-10-25,807.669983
2016-10-26,799.070007
2016-10-27,795.349976
2016-10-28,795.369995
2016-10-31,784.539978
2016-11-01,783.609985
2016-11-02,768.700012
2016-11-03,762.130005
2016-11-04,762.02002
2016-11-07,782.52002
2016-11-08,790.51001
2016-11-09,785.309998
2016-11-10,762.559998
2016-11-11,754.02002
2016-11-14,736.080017
2016-11-15,758.48999
2016-11-16,764.47998
2016-11-17,771.22998
2016-11-18,760.539978
2016-11-21,769.200012
2016-11-22,768.27002
2016-11-23,760.98999
2016-11-25,761.679993
2016-11-28,768.23999
2016-11-29,770.840027
2016-11-30,758.039978
2016-12-01,747.919983
2016-12-02,750.50
2016-12-05,762.52002
2016-12-06,759.109985
2016-12-07,771.190002
2016-12-08,776.419983
2016-12-09,789.289978
2016-12-12,789.27002
2016-12-13,796.099976
2016-12-14,797.070007
2016-12-15,797.849976
2016-12-16,790.799988
2016-12-19,794.200012
2016-12-20,796.419983
2016-12-21,794.559998
2016-12-22,791.26001
2016-12-23,789.909973
2016-12-27,791.549988
2016-12-28,785.049988
2016-12-29,782.789978
2016-12-30,771.820007
2017-01-03,786.140015
2017-01-04,786.900024
2017-01-05,794.02002
2017-01-06,806.150024
2017-01-09,806.650024
2017-01-10,804.789978
2017-01-11,807.909973
2017-01-12,806.359985
2017-01-13,807.880005
2017-01-17,804.609985
2017-01-18,806.070007
2017-01-19,802.174988
2017-01-20,805.02002
2017-01-23,819.309998
2017-01-24,823.869995
2017-01-25,835.669983
2017-01-26,832.150024
2017-01-27,823.309998
2017-01-30,802.320007
2017-01-31,796.789978
2017-02-01,795.695007
2017-02-02,798.530029
2017-02-03,801.48999
2017-02-06,801.340027
2017-02-07,806.969971
2017-02-08,808.380005
2017-02-09,809.559998
2017-02-10,813.669983
2017-02-13,819.23999
2017-02-14,820.450012
2017-02-15,818.97998
2017-02-16,824.159973
2017-02-17,828.070007
2017-02-21,831.659973
2017-02-22,830.76001
2017-02-23,831.330017
2017-02-24,828.640015
2017-02-27,829.280029
2017-02-28,823.210022
2017-03-01,835.23999
2017-03-02,830.630005
2017-03-03,829.080017
2017-03-06,827.780029
2017-03-07,831.909973
2017-03-08,835.369995
2017-03-09,838.679993
2017-03-10,843.25
2017-03-13,845.539978
2017-03-14,845.619995
2017-03-15,847.200012
2017-03-16,848.780029
